state,year,killed,source_pdf,source_page
Andhra Pradesh,2010,15684,2010,44
Andhra Pradesh,2011,15165,2014,66
Andhra Pradesh,2012,14964,2014,66
Andhra Pradesh,2013,14171,2014,66
Andhra Pradesh,2014,7908,2014,66
Andhra Pradesh,2015,8297,2019,62-63
Andhra Pradesh,2016,8541,2019,62-63
Andhra Pradesh,2017,8060,2019,62-63
Andhra Pradesh,2018,7556,2019,62-63
Andhra Pradesh,2019,7984,2023,94
Andhra Pradesh,2020,7039,2023,94
Andhra Pradesh,2021,8186,2023,94
Andhra Pradesh,2022,8293,2023,94
Bihar,2010,5137,2010,44
Bihar,2011,5090,2014,66
Bihar,2012,5056,2014,66
Bihar,2013,5061,2014,66
Bihar,2014,4913,2014,66
Bihar,2015,5421,2019,62-63
Bihar,2016,4901,2019,62-63
Bihar,2017,5554,2019,62-63
Bihar,2018,6729,2019,62-63
Bihar,2019,7205,2023,94
Bihar,2020,6699,2023,94
Bihar,2021,7660,2023,94
Bihar,2022,8898,2023,94
Haryana,2010,4719,2010,44
Haryana,2011,4762,2014,66
Haryana,2012,4446,2014,66
Haryana,2013,4517,2014,66
Haryana,2014,4483,2014,66
Haryana,2015,4879,2019,62-63
Haryana,2016,5024,2019,62-63
Haryana,2017,5120,2019,62-63
Haryana,2018,5118,2019,62-63
Haryana,2019,5057,2023,94
Haryana,2020,4507,2023,94
Haryana,2021,4706,2023,94
Haryana,2022,4915,2023,94
Jharkhand,2010,2540,2010,44
Jharkhand,2011,2572,2014,66
Jharkhand,2012,2818,2014,66
Jharkhand,2013,2706,2014,66
Jharkhand,2014,2628,2014,66
Jharkhand,2015,2893,2019,62-63
Jharkhand,2016,3027,2019,62-63
Jharkhand,2017,3256,2019,62-63
Jharkhand,2018,3542,2019,62-63
Jharkhand,2019,3801,2023,94
Jharkhand,2020,3044,2023,94
Jharkhand,2021,3513,2023,94
Jharkhand,2022,3898,2023,94
Karnataka,2010,9590,2010,44
Karnataka,2011,8971,2014,66
Karnataka,2012,9448,2014,66
Karnataka,2013,10046,2014,66
Karnataka,2014,10452,2014,66
Karnataka,2015,10856,2019,62-63
Karnataka,2016,11133,2019,62-63
Karnataka,2017,10609,2019,62-63
Karnataka,2018,10990,2019,62-63
Karnataka,2019,10958,2023,94
Karnataka,2020,9760,2023,94
Karnataka,2021,10038,2023,94
Karnataka,2022,11702,2023,94
Kerala,2010,3950,2010,44
Kerala,2011,4145,2014,66
Kerala,2012,4286,2014,66
Kerala,2013,4258,2014,66
Kerala,2014,4049,2014,66
Kerala,2015,4196,2019,62-63
Kerala,2016,4287,2019,62-63
Kerala,2017,4131,2019,62-63
Kerala,2018,4303,2019,62-63
Kerala,2019,4440,2023,94
Kerala,2020,2979,2023,94
Kerala,2021,3429,2023,94
Kerala,2022,4317,2023,94
Madhya Pradesh,2010,8085,2010,44
Madhya Pradesh,2011,7869,2014,66
Madhya Pradesh,2012,8175,2014,66
Madhya Pradesh,2013,8588,2014,66
Madhya Pradesh,2014,8569,2014,66
Madhya Pradesh,2015,9314,2019,62-63
Madhya Pradesh,2016,9646,2019,62-63
Madhya Pradesh,2017,10177,2019,62-63
Madhya Pradesh,2018,10706,2019,62-63
Madhya Pradesh,2019,11249,2023,94
Madhya Pradesh,2020,11141,2023,94
Madhya Pradesh,2021,12057,2023,94
Madhya Pradesh,2022,13427,2023,94
Maharashtra,2010,12340,2010,44
Maharashtra,2011,13057,2014,66
Maharashtra,2012,13333,2014,66
Maharashtra,2013,13029,2014,66
Maharashtra,2014,12803,2014,66
Maharashtra,2015,13212,2019,62-63
Maharashtra,2016,12935,2019,62-63
Maharashtra,2017,12264,2019,62-63
Maharashtra,2018,13261,2019,62-63
Maharashtra,2019,12788,2023,94
Maharashtra,2020,11569,2023,94
Maharashtra,2021,13528,2023,94
Maharashtra,2022,15224,2023,94
Odisha,2010,3837,2010,44
Odisha,2011,3802,2014,66
Odisha,2012,3701,2014,66
Odisha,2013,4062,2014,66
Odisha,2014,3931,2014,66
Odisha,2015,4303,2019,62-63
Odisha,2016,4463,2019,62-63
Odisha,2017,4790,2019,62-63
Odisha,2018,5315,2019,62-63
Odisha,2019,5333,2023,94
Odisha,2020,4738,2023,94
Odisha,2021,5081,2023,94
Odisha,2022,5467,2023,94
Punjab,2010,3542,2010,44
Punjab,2011,4931,2014,66
Punjab,2012,4820,2014,66
Punjab,2013,4588,2014,66
Punjab,2014,4621,2014,66
Punjab,2015,4893,2019,62-63
Punjab,2016,5077,2019,62-63
Punjab,2017,4463,2019,62-63
Punjab,2018,4740,2019,62-63
Punjab,2019,4525,2023,94
Punjab,2020,3898,2023,94
Punjab,2021,4589,2023,94
Punjab,2022,4756,2023,94
Rajasthan,2010,9163,2010,44
Rajasthan,2011,9232,2014,66
Rajasthan,2012,9528,2014,66
Rajasthan,2013,9724,2014,66
Rajasthan,2014,10289,2014,66
Rajasthan,2015,10510,2019,62-63
Rajasthan,2016,10465,2019,62-63
Rajasthan,2017,10444,2019,62-63
Rajasthan,2018,10320,2019,62-63
Rajasthan,2019,10563,2023,94
Rajasthan,2020,9250,2023,94
Rajasthan,2021,10043,2023,94
Rajasthan,2022,11104,2023,94
Tamil Nadu,2010,15409,2010,44
Tamil Nadu,2011,15422,2014,66
Tamil Nadu,2012,16175,2014,66
Tamil Nadu,2013,15563,2014,66
Tamil Nadu,2014,15190,2014,66
Tamil Nadu,2015,15642,2019,62-63
Tamil Nadu,2016,17218,2019,62-63
Tamil Nadu,2017,16157,2019,62-63
Tamil Nadu,2018,12216,2019,62-63
Tamil Nadu,2019,18129,2023,94
Tamil Nadu,2020,14527,2023,94
Tamil Nadu,2021,15384,2023,94
Tamil Nadu,2022,17884,2023,94
Telangana,2014,6906,2014,66
Telangana,2015,7110,2019,62-63
Telangana,2016,7219,2019,62-63
Telangana,2017,6596,2019,62-63
Telangana,2018,6603,2019,62-63
Telangana,2019,6964,2023,94
Telangana,2020,6882,2023,94
Telangana,2021,7557,2023,94
Telangana,2022,7559,2023,94
Uttar Pradesh,2010,15175,2010,44
Uttar Pradesh,2011,21512,2014,66
Uttar Pradesh,2012,16149,2014,66
Uttar Pradesh,2013,16004,2014,66
Uttar Pradesh,2014,16287,2014,66
Uttar Pradesh,2015,17666,2019,62-63
Uttar Pradesh,2016,19320,2019,62-63
Uttar Pradesh,2017,20124,2019,62-63
Uttar Pradesh,2018,22256,2019,62-63
Uttar Pradesh,2019,22655,2023,94
Uttar Pradesh,2020,19149,2023,94
Uttar Pradesh,2021,21227,2023,94
Uttar Pradesh,2022,22595,2023,94
West Bengal,2010,5680,2010,44
West Bengal,2011,5664,2014,66
West Bengal,2012,5397,2014,66
West Bengal,2013,5504,2014,66
West Bengal,2014,5875,2014,66
West Bengal,2015,6234,2019,62-63
West Bengal,2016,6544,2019,62-63
West Bengal,2017,5769,2019,62-63
West Bengal,2018,5711,2019,62-63
West Bengal,2019,5767,2023,94
West Bengal,2020,5128,2023,94
West Bengal,2021,5800,2023,94
West Bengal,2022,6002,2023,94
